{"cameraMode":{"drawMode":0,"name":"Shaded","section":"Shading Mode"},"sceneLighting":true,"audioPlay":false,"sceneViewState":{"m_AlwaysRefresh":false,"showFog":true,"showSkybox":true,"showFlares":true,"showImageEffects":true,"showParticleSystems":true,"showVisualEffectGraphs":true,"m_FxEnabled":true},"in2DMode":false,"pivot":{"x":-20.633445739746095,"y":-147.29959106445313,"z":35.21846008300781},"rotation":{"x":-0.6227030754089356,"y":0.09575645625591278,"z":-0.07715112715959549,"w":-0.7727066278457642},"size":144.52108764648438,"orthographic":false}